identifiant_client,age,anciennete_mois,frais_mensuels,nombre_appels_support,type_contrat,mode_paiement,service_internet,score_satisfaction,a_un_partenaire,depenses_totales,resiliation
C0001,56,49,87.04,3,Mensuel,Prélèvement automatique,Fibre,4.0,1,4567.52,0
C0002,69,52,54.05,2,Un an,Carte bancaire,ADSL,3.0,1,2432.57,0
C0003,46,42,47.8,2,Deux ans,Carte bancaire,Fibre,4.0,0,1736.15,0
C0004,32,70,48.29,1,Un an,Carte bancaire,Fibre,4.0,0,3264.99,0
C0005,60,15,26.04,2,Mensuel,,Fibre,5.0,0,373.43,1
C0006,25,54,75.37,1,Mensuel,Prélèvement automatique,Aucun,,0,3844.87,0
C0007,38,60,24.71,1,Un an,Prélèvement automatique,Fibre,,0,1478.61,0
C0008,56,8,37.97,1,Mensuel,Carte bancaire,Fibre,5.0,1,287.42,0
C0009,75,53,20.0,2,Mensuel,Prélèvement automatique,Fibre,2.0,0,962.14,0
C0010,36,60,63.11,1,Mensuel,Carte bancaire,ADSL,3.0,0,3570.16,1
C0011,150,5,61.69,2,Mensuel,Virement,ADSL,3.0,1,352.4,0
C0012,28,68,57.81,3,Mensuel,Virement,ADSL,1.0,1,3826.25,0
C0013,28,6,,3,Mensuel,Carte bancaire,Fibre,5.0,1,248.17,0
C0014,41,47,39.21,3,Mensuel,Prélèvement automatique,ADSL,2.0,1,1885.19,0
C0015,70,55,75.22,2,Mensuel,Carte bancaire,Fibre,4.0,0,4736.99,0
C0016,53,40,52.89,0,Un an,Prélèvement automatique,ADSL,3.0,1,1951.6,0
C0017,57,52,71.96,3,Un an,Prélèvement automatique,ADSL,2.0,1,3945.42,0
C0018,41,16,45.52,3,Mensuel,Carte bancaire,Fibre,5.0,0,775.51,1
C0019,20,13,68.98,3,Deux ans,Prélèvement automatique,Fibre,1.0,1,925.61,1
C0020,39,30,93.67,1,Mensuel,,Fibre,3.0,1,2463.26,0
C0021,70,19,77.9,3,Un an,Carte bancaire,Fibre,2.0,0,1558.64,1
C0022,19,17,55.93,1,Un an,Prélèvement automatique,Fibre,2.0,0,826.47,1
C0023,41,63,70.66,1,Deux ans,Carte bancaire,ADSL,2.0,0,4579.98,0
C0024,61,19,59.71,2,Un an,Prélèvement automatique,Fibre,5.0,0,1216.03,0
C0025,47,58,65.17,4,Un an,Carte bancaire,Fibre,5.0,0,3452.11,0
C0026,55,55,-20.0,1,Un an,Virement,Fibre,5.0,1,3507.23,0
C0027,19,62,,2,Mensuel,Carte bancaire,Fibre,4.0,0,3269.38,0
C0028,38,23,69.67,4,Mensuel,Prélèvement automatique,Aucun,2.0,1,1767.69,0
C0029,50,9,43.15,4,Un an,Prélèvement automatique,Fibre,3.0,1,383.73,0
C0030,29,12,42.65,1,Mensuel,Carte bancaire,ADSL,5.0,1,468.44,0
C0031,75,1,34.45,2,Un an,Virement,ADSL,5.0,1,30.67,0
C0032,39,58,29.79,4,Mensuel,Prélèvement automatique,ADSL,2.0,0,1962.79,0
C0033,61,1,38.22,0,Mensuel,Prélèvement automatique,Aucun,5.0,1,33.32,1
C0034,42,34,68.51,4,Mensuel,Prélèvement automatique,Fibre,4.0,1,2119.07,0
C0035,66,48,45.36,5,Mensuel,Virement,Aucun,4.0,1,2077.88,0
C0036,44,1,76.3,1,Un an,Virement,Fibre,5.0,1,79.05,0
C0037,59,16,65.76,1,Mensuel,Prélèvement automatique,Fibre,2.0,0,1066.3,1
C0038,45,61,21.69,1,Mensuel,Prélèvement automatique,ADSL,2.0,1,1174.5,0
C0039,33,64,79.41,6,Mensuel,Carte bancaire,Aucun,2.0,0,4761.64,0
C0040,32,63,82.84,1,Mensuel,Carte bancaire,ADSL,1.0,1,4809.89,0
C0041,64,0,43.14,3,Un an,Prélèvement automatique,Fibre,5.0,1,2720.85,0
C0042,68,22,74.24,2,Mensuel,Carte bancaire,Fibre,2.0,0,1589.74,0
C0043,61,67,46.16,3,Un an,Prélèvement automatique,Aucun,4.0,1,3282.02,0
C0044,72,26,67.15,3,Un an,Carte bancaire,Fibre,3.0,0,1597.91,0
C0045,69,16,37.18,2,Un an,Carte bancaire,ADSL,3.0,0,571.09,0
C0046,74,51,25.55,1,Un an,Prélèvement automatique,ADSL,2.0,1,1260.41,0
C0047,20,57,56.58,1,Deux ans,Virement,Fibre,3.0,1,3686.04,0
C0048,54,29,62.28,1,Deux ans,Carte bancaire,Fibre,3.0,1,2052.47,0
C0049,68,69,56.25,2,Mensuel,Prélèvement automatique,Fibre,1.0,1,4230.72,0
C0050,24,47,38.95,1,Mensuel,Virement,Fibre,4.0,1,1688.77,0
C0051,38,62,56.2,0,Mensuel,Carte bancaire,Aucun,4.0,1,3032.86,0
C0052,26,69,70.92,4,Mensuel,Prélèvement automatique,Fibre,1.0,1,4624.69,1
C0053,56,16,64.01,0,Un an,Carte bancaire,Aucun,1.0,0,952.51,0
C0054,35,48,69.02,3,Deux ans,Carte bancaire,Fibre,3.0,1,3318.85,1
C0055,21,39,50.26,5,Mensuel,Virement,Aucun,5.0,0,2123.46,0
C0056,42,33,90.78,2,Mensuel,Carte bancaire,Fibre,3.0,1,3317.77,0
C0057,31,23,39.12,2,Mensuel,Prélèvement automatique,Fibre,1.0,0,992.85,1
C0058,67,10,75.73,0,Un an,Prélèvement automatique,Fibre,4.0,0,725.42,1
C0059,75,69,91.0,2,Un an,Carte bancaire,ADSL,3.0,0,6631.69,0
C0060,26,34,75.58,2,Mensuel,Prélèvement automatique,ADSL,5.0,1,2425.43,0
C0061,43,52,60.54,1,Deux ans,Virement,ADSL,3.0,0,2733.39,0
C0062,70,10,53.38,3,Un an,Carte bancaire,Fibre,2.0,0,566.08,0
C0063,19,19,87.79,3,Mensuel,Virement,Fibre,3.0,1,1422.73,1
C0064,37,58,,1,Un an,Prélèvement automatique,ADSL,1.0,1,1900.78,1
C0065,45,1,43.66,0,Un an,Prélèvement automatique,Fibre,4.0,0,41.43,0
C0066,64,69,56.25,5,Mensuel,Prélèvement automatique,Fibre,4.0,0,4106.41,0
C0067,24,4,92.23,2,Mensuel,Carte bancaire,Aucun,1.0,0,398.39,1
C0068,61,16,73.35,2,Mensuel,Virement,Aucun,2.0,0,1104.63,0
C0069,25,24,43.7,2,Mensuel,Virement,Aucun,,1,1146.85,0
C0070,64,2,58.17,2,Deux ans,Prélèvement automatique,ADSL,3.0,1,109.15,0
C0071,52,32,51.48,2,Deux ans,Prélèvement automatique,Fibre,1.0,1,1620.83,1
C0072,31,24,49.38,3,Mensuel,Prélèvement automatique,Fibre,1.0,0,1265.83,1
C0073,34,12,86.54,1,Mensuel,Prélèvement automatique,ADSL,2.0,1,1098.58,1
C0074,53,50,34.82,3,Mensuel,Prélèvement automatique,ADSL,3.0,1,1995.55,0
C0075,67,35,100.39,3,Mensuel,Prélèvement automatique,Fibre,5.0,1,3223.94,0
C0076,57,33,83.22,3,Deux ans,Prélèvement automatique,Fibre,5.0,1,2879.99,1
C0077,21,33,89.0,0,Mensuel,Prélèvement automatique,Fibre,4.0,1,3033.64,0
C0078,19,61,54.82,2,Mensuel,Prélèvement automatique,ADSL,1.0,1,3760.45,0
C0079,23,51,61.7,2,Mensuel,Carte bancaire,Aucun,4.0,0,2822.3,0
C0080,71,43,33.47,3,Un an,Carte bancaire,ADSL,2.0,1,1547.93,0
C0081,59,12,53.46,3,Mensuel,Carte bancaire,Fibre,5.0,1,654.66,0
C0082,21,67,75.86,3,Un an,Prélèvement automatique,Aucun,1.0,1,4739.03,0
C0083,71,65,93.51,4,Mensuel,Prélèvement automatique,ADSL,2.0,0,6031.53,0
C0084,46,33,40.64,4,Un an,Prélèvement automatique,Fibre,2.0,1,1274.24,0
C0085,35,40,56.96,1,Un an,Prélèvement automatique,Fibre,1.0,1,2332.61,0
C0086,43,43,61.67,0,Mensuel,Prélèvement automatique,Fibre,2.0,0,2961.28,0
C0087,61,44,34.29,2,Mensuel,,Fibre,1.0,0,1540.13,0
C0088,51,29,78.01,1,Deux ans,Prélèvement automatique,Aucun,1.0,1,2351.69,0
C0089,27,13,49.07,0,Deux ans,Prélèvement automatique,Fibre,3.0,1,641.5,0
C0090,53,12,60.7,5,Mensuel,Virement,Aucun,4.0,1,630.32,0
C0091,31,46,55.06,5,Mensuel,Carte bancaire,Fibre,2.0,0,2329.78,1
C0092,48,2,47.63,4,Deux ans,Carte bancaire,Fibre,2.0,1,95.03,1
C0093,65,35,64.85,1,Un an,Carte bancaire,Fibre,3.0,0,2140.53,0
C0094,32,8,60.26,0,Mensuel,Carte bancaire,Fibre,3.0,0,436.06,1
C0095,25,26,56.82,0,Deux ans,Prélèvement automatique,Fibre,3.0,0,1479.15,0
C0096,31,34,48.97,2,Mensuel,Carte bancaire,Aucun,5.0,0,1576.47,0
C0097,40,7,72.03,0,Un an,Prélèvement automatique,ADSL,5.0,0,467.62,0
C0098,74,68,101.38,5,Mensuel,Prélèvement automatique,ADSL,5.0,0,6819.36,0
C0099,57,58,,2,Mensuel,Carte bancaire,Fibre,1.0,0,3514.23,1
C0100,38,29,86.91,1,Mensuel,Carte bancaire,Fibre,2.0,0,2843.82,0
C0101,33,36,34.42,2,Un an,Carte bancaire,,4.0,1,1375.81,1
C0102,62,21,68.47,2,Mensuel,Carte bancaire,ADSL,1.0,1,1527.43,1
C0103,35,36,40.86,0,Mensuel,Carte bancaire,Fibre,2.0,0,1297.19,0
C0104,64,10,32.51,2,Mensuel,Prélèvement automatique,Fibre,2.0,1,352.01,1
C0105,70,24,48.73,2,Mensuel,Carte bancaire,,3.0,0,1277.57,0
C0106,41,64,91.22,1,Deux ans,Virement,Fibre,3.0,1,6307.05,0
C0107,43,49,85.9,3,Mensuel,Carte bancaire,,1.0,0,3721.64,1
C0108,42,36,70.35,1,Un an,Prélèvement automatique,Fibre,3.0,0,2641.94,0
C0109,62,24,31.28,1,Deux ans,Prélèvement automatique,Aucun,2.0,1,826.02,0
C0110,58,23,,3,Mensuel,Prélèvement automatique,ADSL,3.0,1,1428.03,1
C0111,46,62,71.64,0,Mensuel,Prélèvement automatique,Fibre,5.0,1,4636.77,0
C0112,32,37,68.86,1,Mensuel,Prélèvement automatique,Fibre,3.0,1,2516.0,0
C0113,62,12,24.44,2,Mensuel,Prélèvement automatique,Aucun,2.0,1,295.81,0
C0114,18,55,45.41,5,Mensuel,Prélèvement automatique,ADSL,1.0,0,2148.67,0
C0115,42,13,63.59,1,Mensuel,Prélèvement automatique,Fibre,4.0,0,861.13,1
C0116,24,23,76.8,1,Un an,,Aucun,3.0,0,1544.6,0
C0117,26,30,20.0,1,Mensuel,Carte bancaire,Fibre,2.0,0,588.3,0
C0118,41,17,61.43,3,Mensuel,Prélèvement automatique,ADSL,,1,979.35,0
C0119,18,62,68.15,4,Un an,Prélèvement automatique,ADSL,4.0,1,4282.88,0
C0120,61,13,83.69,0,Mensuel,Prélèvement automatique,Fibre,5.0,0,968.32,0
C0121,25,59,80.24,2,Deux ans,,Aucun,4.0,1,5006.34,0
C0122,41,19,77.82,4,Un an,Virement,ADSL,2.0,1,1609.44,1
C0123,28,49,47.4,1,Mensuel,Carte bancaire,ADSL,2.0,0,2088.03,0
C0124,68,12,23.02,2,Un an,Carte bancaire,Fibre,3.0,0,243.45,0
C0125,34,61,56.35,5,Mensuel,Carte bancaire,Fibre,3.0,0,3071.8,0
C0126,25,19,87.04,3,Mensuel,Prélèvement automatique,Fibre,3.0,0,1840.86,0
C0127,52,9,95.66,0,Mensuel,Prélèvement automatique,ADSL,4.0,0,868.22,0
C0128,52,71,80.63,4,Mensuel,Carte bancaire,Fibre,4.0,1,5668.5,0
C0129,50,28,74.45,2,Un an,Prélèvement automatique,ADSL,5.0,0,1838.65,0
C0130,22,52,73.35,1,Mensuel,Carte bancaire,ADSL,3.0,0,3985.33,0
C0131,59,16,52.77,3,Mensuel,Prélèvement automatique,Fibre,1.0,1,937.53,1
C0132,56,69,62.14,2,Mensuel,Prélèvement automatique,ADSL,5.0,1,4709.8,0
C0133,75,12,101.72,3,Un an,Carte bancaire,Fibre,1.0,1,1266.8,1
C0134,58,25,44.26,1,Mensuel,Prélèvement automatique,Aucun,4.0,0,965.51,0
C0135,45,52,100.53,1,Deux ans,Carte bancaire,Fibre,5.0,0,4619.69,0
C0136,24,53,57.92,2,Mensuel,Carte bancaire,Fibre,5.0,1,2654.71,0
C0137,26,23,94.16,3,Deux ans,Carte bancaire,Fibre,2.0,0,2008.11,0
C0138,25,16,34.05,4,Deux ans,Carte bancaire,Fibre,4.0,0,485.25,1
C0139,29,57,77.89,2,Deux ans,Carte bancaire,ADSL,4.0,1,4120.13,0
C0140,51,39,,2,Deux ans,Prélèvement automatique,ADSL,5.0,1,1837.2,0
C0141,50,53,33.86,3,Mensuel,Prélèvement automatique,ADSL,4.0,0,2033.07,0
C0142,65,42,69.81,0,Un an,Prélèvement automatique,Fibre,5.0,1,3029.11,0
C0143,72,58,87.21,4,Mensuel,Carte bancaire,Fibre,2.0,0,5566.49,1
C0144,40,39,46.41,4,Mensuel,Prélèvement automatique,Fibre,5.0,0,1924.21,0
C0145,41,14,32.02,1,Mensuel,Carte bancaire,ADSL,4.0,0,396.17,0
C0146,54,5,62.98,3,Un an,Carte bancaire,Aucun,4.0,0,337.19,0
C0147,52,35,63.08,2,Mensuel,Virement,Fibre,5.0,0,2058.84,0
C0148,61,18,77.06,3,Un an,Carte bancaire,Fibre,5.0,1,1444.97,1
C0149,57,9,85.89,1,Deux ans,Prélèvement automatique,ADSL,,1,736.13,0
C0150,39,58,63.69,2,Un an,Prélèvement automatique,ADSL,3.0,1,4245.54,0
C0151,44,17,105.82,2,Un an,Carte bancaire,ADSL,4.0,0,1671.33,0
C0152,52,7,69.93,2,Deux ans,Carte bancaire,Aucun,4.0,0,457.07,0
C0153,18,46,57.38,2,Deux ans,Carte bancaire,Fibre,3.0,0,2980.51,0
C0154,52,13,29.55,4,Un an,Virement,Fibre,5.0,0,329.37,0
C0155,54,40,59.22,4,Deux ans,Carte bancaire,Aucun,2.0,0,2508.58,0
C0156,64,42,57.6,1,Deux ans,Carte bancaire,ADSL,5.0,1,2582.73,0
C0157,31,9,86.13,5,Deux ans,Carte bancaire,Fibre,5.0,1,853.4,0
C0158,20,50,75.17,3,Mensuel,Prélèvement automatique,ADSL,3.0,1,4293.45,0
C0159,18,27,39.05,4,Mensuel,Carte bancaire,ADSL,4.0,1,1204.79,1
C0160,22,66,68.79,2,Mensuel,Carte bancaire,ADSL,5.0,1,3948.03,0
C0161,43,5,79.77,3,Mensuel,Prélèvement automatique,ADSL,4.0,0,437.36,0
C0162,72,29,98.62,3,Un an,Virement,,1.0,0,2985.51,1
C0163,31,37,84.53,5,Un an,Carte bancaire,ADSL,4.0,0,3265.86,0
C0164,56,38,81.74,0,Deux ans,Carte bancaire,ADSL,2.0,1,2759.8,0
C0165,44,8,66.32,4,Mensuel,Carte bancaire,ADSL,2.0,1,554.46,1
C0166,26,65,73.54,0,Deux ans,Prélèvement automatique,ADSL,5.0,0,5471.99,0
C0167,32,17,92.49,2,Un an,Carte bancaire,ADSL,4.0,1,1766.58,0
C0168,32,71,35.68,6,Un an,Prélèvement automatique,Fibre,5.0,1,2487.02,0
C0169,43,45,57.31,1,Deux ans,Prélèvement automatique,ADSL,3.0,0,2223.01,0
C0170,59,4,48.0,5,Un an,Prélèvement automatique,ADSL,2.0,0,184.07,0
C0171,30,36,73.34,4,Mensuel,Carte bancaire,ADSL,5.0,0,2898.76,0
C0172,68,70,92.06,4,Deux ans,Virement,ADSL,3.0,1,6833.75,0
C0173,49,31,51.87,1,Mensuel,Prélèvement automatique,ADSL,5.0,0,1588.36,0
C0174,56,19,,2,Mensuel,,Fibre,4.0,1,329.28,0
C0175,66,61,55.93,0,Deux ans,Carte bancaire,ADSL,4.0,0,3336.91,0
C0176,69,54,85.1,0,Mensuel,Virement,Fibre,4.0,1,4552.7,0
C0177,49,39,76.83,4,Un an,Carte bancaire,Fibre,4.0,0,3381.6,0
C0178,21,19,74.42,5,Mensuel,Carte bancaire,ADSL,1.0,1,1473.83,1
C0179,47,39,58.84,1,Deux ans,Carte bancaire,ADSL,3.0,1,2165.1,0
C0180,54,67,36.86,7,Mensuel,Prélèvement automatique,Fibre,3.0,1,2488.38,0
C0181,40,45,76.34,2,Deux ans,Carte bancaire,Fibre,4.0,1,2988.08,0
C0182,56,13,46.65,2,Un an,Carte bancaire,ADSL,1.0,0,692.43,1
C0183,62,58,113.05,2,Mensuel,,Fibre,4.0,1,6281.63,0
C0184,32,20,77.55,2,Un an,Carte bancaire,Fibre,1.0,0,1540.7,0
C0185,60,72,52.23,4,Deux ans,,Fibre,4.0,0,3597.3,0
C0186,46,61,51.55,3,Mensuel,Prélèvement automatique,Fibre,2.0,1,3316.73,0
C0187,53,39,62.96,0,Mensuel,Carte bancaire,Fibre,2.0,0,2574.95,0
C0188,30,1,59.73,0,Mensuel,Prélèvement automatique,Fibre,5.0,1,63.59,1
C0189,49,3,89.57,2,Mensuel,Prélèvement automatique,Fibre,4.0,1,250.02,0
C0190,24,62,69.1,3,Un an,Carte bancaire,Aucun,3.0,0,4047.29,0
C0191,68,63,48.9,4,Un an,Carte bancaire,ADSL,5.0,1,2734.35,0
C0192,39,25,106.59,4,Mensuel,Virement,ADSL,2.0,0,2789.07,0
C0193,45,56,66.08,2,Mensuel,,Fibre,4.0,0,3189.59,0
C0194,19,33,81.91,3,Un an,Carte bancaire,,5.0,0,2782.24,0
C0195,59,38,51.62,2,Mensuel,Prélèvement automatique,ADSL,4.0,1,2179.11,0
C0196,62,6,72.99,6,Mensuel,Carte bancaire,Fibre,2.0,1,489.29,1
C0197,74,58,71.84,1,Deux ans,Prélèvement automatique,Fibre,5.0,1,4103.02,0
C0198,70,44,23.43,2,Un an,Carte bancaire,ADSL,2.0,1,1018.33,1
C0199,23,45,109.34,2,Un an,Carte bancaire,ADSL,1.0,0,4295.87,0
C0200,45,32,93.39,2,Deux ans,Carte bancaire,Fibre,2.0,0,3141.58,0
C0201,45,45,56.26,1,Mensuel,Virement,Fibre,4.0,1,2775.7,0
C0202,61,61,40.75,4,Deux ans,Prélèvement automatique,ADSL,3.0,1,2295.33,0
C0203,61,47,72.65,1,Mensuel,Carte bancaire,Fibre,2.0,0,3333.93,0
C0204,37,21,66.91,2,Mensuel,Carte bancaire,ADSL,3.0,0,1547.94,0
C0205,47,36,72.82,3,Mensuel,Prélèvement automatique,ADSL,1.0,1,2918.11,1
C0206,28,19,69.21,2,Mensuel,Carte bancaire,Aucun,5.0,1,1213.68,1
C0207,75,20,76.14,1,Un an,Carte bancaire,Fibre,5.0,0,1545.9,0
C0208,72,57,96.84,2,Mensuel,Virement,ADSL,3.0,1,5010.66,0
C0209,45,18,77.5,1,Mensuel,Carte bancaire,ADSL,5.0,1,1228.39,0
C0210,42,47,41.91,4,Mensuel,Prélèvement automatique,Fibre,2.0,1,2212.71,0
C0211,56,49,94.98,3,Mensuel,Virement,Fibre,3.0,0,5101.51,0
C0212,50,14,101.09,1,Un an,Carte bancaire,ADSL,4.0,1,1525.67,1
C0213,18,15,134.35,2,Mensuel,Carte bancaire,Fibre,2.0,0,1742.45,1
C0214,74,31,40.28,2,Un an,Carte bancaire,Fibre,2.0,0,1377.44,1
C0215,44,1,70.34,3,Mensuel,Prélèvement automatique,Fibre,2.0,1,69.03,1
C0216,74,54,20.0,2,Un an,,ADSL,4.0,1,1028.94,0
C0217,69,3,77.17,2,Deux ans,Prélèvement automatique,ADSL,1.0,0,234.74,1
C0218,30,16,52.94,2,Mensuel,Carte bancaire,ADSL,5.0,1,743.2,0
C0219,58,57,107.32,3,Un an,Prélèvement automatique,Fibre,3.0,1,6588.23,0
C0220,20,12,47.96,2,Mensuel,Virement,Fibre,1.0,1,589.75,0
C0221,56,16,27.84,1,Mensuel,Prélèvement automatique,ADSL,,1,403.56,0
C0222,23,72,54.63,1,Deux ans,Virement,Fibre,5.0,1,3565.47,0
C0223,25,24,21.54,1,Mensuel,Prélèvement automatique,Fibre,4.0,1,467.99,0
C0224,44,28,81.52,1,Mensuel,Prélèvement automatique,ADSL,2.0,0,1979.21,0
C0225,26,8,20.0,0,Un an,Prélèvement automatique,Aucun,2.0,0,164.21,0
C0226,54,36,65.63,1,Mensuel,Carte bancaire,ADSL,4.0,0,2603.92,1
C0227,50,8,20.0,1,Deux ans,Carte bancaire,ADSL,1.0,1,136.84,0
C0228,68,58,57.95,1,Mensuel,Prélèvement automatique,Aucun,1.0,1,2906.35,0
C0229,59,60,101.15,3,Deux ans,Carte bancaire,Fibre,3.0,0,6201.49,0
C0230,61,50,72.93,2,Un an,Virement,ADSL,4.0,0,3996.01,0
C0231,41,28,46.0,1,Un an,Virement,Aucun,1.0,1,1221.05,0
C0232,32,41,64.31,1,Deux ans,Prélèvement automatique,Fibre,4.0,0,2517.75,0
C0233,71,64,,3,Mensuel,Carte bancaire,ADSL,5.0,1,4306.58,0
C0234,49,27,75.4,3,Deux ans,Carte bancaire,ADSL,2.0,0,1897.9,0
C0235,49,63,34.93,2,Mensuel,Carte bancaire,ADSL,,1,1888.07,0
C0236,41,17,78.04,1,Mensuel,Prélèvement automatique,ADSL,2.0,1,1420.3,0
C0237,58,33,20.0,5,Mensuel,Prélèvement automatique,Aucun,4.0,0,684.88,0
C0238,69,29,51.14,3,Mensuel,Virement,ADSL,4.0,1,1518.99,1
C0239,66,13,54.26,1,Mensuel,Carte bancaire,Fibre,3.0,0,756.52,0
C0240,66,46,78.93,5,Deux ans,Virement,Aucun,2.0,1,3821.65,0
C0241,75,35,65.5,1,Deux ans,Virement,Fibre,3.0,1,2090.22,0
C0242,69,6,34.08,0,Deux ans,Carte bancaire,Fibre,2.0,0,195.43,0
C0243,29,69,43.33,1,Mensuel,,Fibre,3.0,1,2654.42,0
C0244,56,47,69.37,4,Un an,Carte bancaire,Fibre,3.0,1,2898.35,0
C0245,19,25,63.26,1,Mensuel,Carte bancaire,Fibre,5.0,0,1665.1,0
C0246,20,66,52.26,0,Mensuel,Prélèvement automatique,Aucun,3.0,0,3820.22,0
C0247,66,10,54.42,2,Mensuel,Carte bancaire,ADSL,4.0,1,619.75,0
C0248,54,56,80.32,1,Mensuel,Prélèvement automatique,ADSL,3.0,1,4671.11,0
C0249,66,30,53.61,3,Un an,Prélèvement automatique,Fibre,2.0,1,1455.88,0
C0250,73,5,63.06,6,Un an,Prélèvement automatique,Aucun,3.0,1,278.0,1
C0251,34,33,112.74,0,Mensuel,Carte bancaire,Aucun,1.0,1,4069.6,1
C0252,66,65,33.68,2,Mensuel,Prélèvement automatique,ADSL,2.0,0,2240.92,0
C0253,19,18,24.26,3,Mensuel,Prélèvement automatique,Fibre,1.0,1,452.18,0
C0254,19,49,82.24,2,Mensuel,Prélèvement automatique,,2.0,1,4370.03,0
C0255,45,11,50.07,0,Deux ans,Carte bancaire,Fibre,4.0,1,584.36,0
C0256,71,26,58.0,4,Mensuel,Carte bancaire,Fibre,,0,1659.31,1
C0257,40,63,47.81,1,Mensuel,Prélèvement automatique,Fibre,4.0,0,2611.02,0
C0258,54,59,,1,Mensuel,Carte bancaire,Aucun,1.0,0,3757.23,0
C0259,49,27,100.17,1,Deux ans,Prélèvement automatique,Fibre,5.0,0,2989.26,0
C0260,50,49,82.65,3,Deux ans,Prélèvement automatique,Fibre,2.0,0,3790.01,0
C0261,18,33,83.97,3,Un an,Prélèvement automatique,Fibre,,1,2887.76,0
C0262,36,1,33.84,3,Un an,Prélèvement automatique,Fibre,2.0,1,31.95,1
C0263,19,21,39.67,2,Mensuel,Virement,Fibre,1.0,0,947.53,0
C0264,70,55,20.0,1,Mensuel,,Fibre,5.0,1,946.03,0
C0265,61,6,47.19,2,Deux ans,Virement,Fibre,1.0,0,289.92,0
C0266,43,69,86.05,1,Un an,Prélèvement automatique,ADSL,2.0,0,5343.41,0
C0267,49,5,76.37,3,Un an,Carte bancaire,Aucun,5.0,0,406.16,0
C0268,23,3,60.13,5,Un an,Carte bancaire,Fibre,5.0,1,162.85,0
C0269,49,53,64.51,3,Un an,Prélèvement automatique,Fibre,1.0,0,3147.61,0
C0270,72,23,49.84,3,Un an,Carte bancaire,ADSL,4.0,0,1144.38,0
C0271,21,53,69.5,1,Deux ans,Prélèvement automatique,Fibre,2.0,0,4141.91,0
C0272,72,37,81.85,6,Deux ans,Carte bancaire,Fibre,3.0,1,2766.53,1
C0273,28,17,29.45,3,Un an,Prélèvement automatique,Aucun,3.0,0,447.22,0
C0274,73,1,,2,Un an,Prélèvement automatique,Fibre,1.0,1,77.15,0
C0275,34,51,85.51,1,Mensuel,Prélèvement automatique,ADSL,2.0,1,4361.82,0
C0276,55,45,55.87,1,Un an,Prélèvement automatique,ADSL,2.0,1,2824.74,0
C0277,41,4,80.42,0,Mensuel,Prélèvement automatique,Fibre,1.0,1,287.58,1
C0278,22,62,126.92,3,Un an,Carte bancaire,Fibre,2.0,0,8213.53,1
C0279,69,65,62.7,3,Deux ans,Virement,ADSL,4.0,0,3748.9,0
C0280,51,32,73.65,3,Un an,Carte bancaire,Fibre,,1,2114.12,0
C0281,23,34,48.76,3,Mensuel,Virement,Fibre,4.0,1,1749.07,0
C0282,39,72,68.99,3,Mensuel,Prélèvement automatique,ADSL,2.0,1,5106.89,1
C0283,28,39,75.13,2,Mensuel,Carte bancaire,ADSL,1.0,1,3154.07,1
C0284,65,26,69.29,3,Un an,Carte bancaire,,2.0,1,1698.56,0
C0285,33,34,42.57,5,Mensuel,Prélèvement automatique,Aucun,1.0,1,1424.79,0
C0286,50,54,69.54,1,Mensuel,Carte bancaire,Fibre,,1,3648.67,1
C0287,26,3,97.17,4,Mensuel,Carte bancaire,ADSL,4.0,1,333.85,1
C0288,23,50,74.87,2,Un an,Prélèvement automatique,ADSL,4.0,0,3510.19,0
C0289,33,12,86.16,1,Un an,Prélèvement automatique,ADSL,2.0,1,970.28,1
C0290,46,65,59.79,1,Mensuel,Prélèvement automatique,Fibre,1.0,0,3716.77,0
C0291,20,54,81.5,1,Mensuel,Virement,Aucun,3.0,0,4486.28,1
C0292,37,5,71.14,2,Mensuel,Prélèvement automatique,Fibre,4.0,1,329.27,0
C0293,53,57,44.08,6,Un an,,ADSL,4.0,0,2825.59,0
C0294,36,17,72.01,1,Un an,Carte bancaire,Fibre,3.0,0,1138.12,1
C0295,43,47,43.18,3,Mensuel,Prélèvement automatique,Fibre,2.0,0,2270.45,0
C0296,20,23,,1,Un an,Carte bancaire,Fibre,1.0,1,1035.08,0
C0297,36,14,69.17,4,Mensuel,Virement,Aucun,2.0,1,1013.86,1
C0298,37,66,71.54,2,Deux ans,Prélèvement automatique,Aucun,5.0,1,5298.13,0
C0299,49,51,38.84,1,Mensuel,Prélèvement automatique,Fibre,4.0,0,1783.99,0
C0300,24,38,88.19,1,Mensuel,Carte bancaire,Fibre,5.0,1,3822.06,0
C0301,69,64,77.58,4,Mensuel,Virement,ADSL,4.0,1,4894.94,0
C0302,58,38,49.5,2,Un an,Prélèvement automatique,Fibre,4.0,0,2132.52,0
C0303,50,50,31.17,0,Deux ans,Carte bancaire,Fibre,,0,1641.17,0
C0304,57,30,61.81,2,Mensuel,Carte bancaire,ADSL,5.0,0,1743.92,0
C0305,56,51,55.19,3,Un an,Prélèvement automatique,ADSL,2.0,1,2551.49,0
C0306,35,63,67.49,4,Un an,Carte bancaire,Aucun,5.0,1,4001.52,0
C0307,57,52,,2,Mensuel,Virement,Fibre,2.0,1,2602.57,0
C0308,18,38,20.84,2,Mensuel,Carte bancaire,Fibre,2.0,0,707.31,0
C0309,28,30,56.46,2,Deux ans,Carte bancaire,ADSL,2.0,1,1492.91,0
C0310,45,51,58.28,1,Mensuel,Prélèvement automatique,ADSL,4.0,1,2903.57,0
C0311,74,5,78.94,1,Mensuel,Carte bancaire,ADSL,4.0,1,429.7,0
C0312,42,29,49.64,1,Deux ans,Prélèvement automatique,ADSL,5.0,1,1284.69,0
C0313,67,4,101.93,6,Mensuel,Carte bancaire,Fibre,4.0,0,362.5,1
C0314,40,10,22.94,2,Mensuel,Carte bancaire,ADSL,5.0,0,239.27,0
C0315,48,56,93.85,2,Mensuel,Prélèvement automatique,Fibre,4.0,1,4778.15,0
C0316,47,17,60.06,0,Deux ans,Prélèvement automatique,Fibre,1.0,1,897.77,1
C0317,59,17,83.91,6,Mensuel,Prélèvement automatique,,1.0,1,1283.9,1
C0318,52,69,66.76,1,Mensuel,Prélèvement automatique,Fibre,5.0,0,5192.01,0
C0319,24,34,90.07,7,Mensuel,Prélèvement automatique,Fibre,4.0,1,3357.72,1
C0320,33,6,56.48,4,Mensuel,Carte bancaire,Aucun,4.0,0,324.04,1
C0321,43,53,40.83,4,Mensuel,Carte bancaire,Fibre,2.0,0,2265.15,0
C0322,65,66,96.25,1,Mensuel,Virement,ADSL,3.0,1,6423.54,0
C0323,74,43,62.5,3,Un an,Prélèvement automatique,Fibre,5.0,1,2830.31,0
C0324,69,23,69.87,1,Mensuel,Prélèvement automatique,ADSL,3.0,0,1695.08,1
C0325,66,55,92.16,2,Mensuel,Carte bancaire,Fibre,3.0,0,5264.56,0
C0326,19,16,42.3,1,Mensuel,Carte bancaire,Fibre,5.0,0,629.31,0
C0327,18,8,78.1,0,Mensuel,Prélèvement automatique,Aucun,4.0,0,538.39,1
C0328,65,4,52.02,1,Mensuel,Virement,ADSL,5.0,1,205.31,0
C0329,29,4,62.09,5,Un an,Prélèvement automatique,Fibre,3.0,1,277.49,0
C0330,22,56,66.59,3,Mensuel,Prélèvement automatique,Fibre,4.0,0,3806.79,0
C0331,54,25,32.0,1,Mensuel,Prélèvement automatique,,,1,879.77,0
C0332,49,67,47.87,4,Mensuel,Carte bancaire,ADSL,5.0,1,3680.32,0
C0333,72,67,94.72,0,Deux ans,Carte bancaire,ADSL,5.0,1,5705.81,0
C0334,26,27,84.5,3,Un an,Carte bancaire,ADSL,4.0,0,2412.76,0
C0335,58,32,63.62,3,Un an,Carte bancaire,Fibre,1.0,1,2142.29,0
C0336,52,50,70.35,0,Mensuel,Virement,Fibre,1.0,0,4023.97,1
C0337,36,61,58.53,0,Deux ans,Prélèvement automatique,ADSL,4.0,0,4090.46,0
C0338,65,51,,3,Mensuel,Prélèvement automatique,Fibre,2.0,0,5107.72,0
C0339,33,19,60.59,3,Mensuel,Carte bancaire,Fibre,5.0,1,1062.66,0
C0340,20,21,70.1,2,Mensuel,Carte bancaire,Aucun,5.0,0,1603.95,0
C0341,37,5,90.21,2,Mensuel,Carte bancaire,ADSL,3.0,0,397.88,1
C0342,41,42,47.9,1,Deux ans,Carte bancaire,ADSL,4.0,0,2181.21,0
C0343,71,61,99.29,4,Un an,Prélèvement automatique,ADSL,3.0,1,6802.02,0
C0344,73,22,31.33,2,Mensuel,Carte bancaire,ADSL,3.0,1,665.03,0
C0345,50,21,100.85,3,Un an,Prélèvement automatique,Fibre,1.0,0,2200.85,1
C0346,41,70,56.8,6,Deux ans,Carte bancaire,Fibre,5.0,1,3892.67,0
C0347,69,1,59.66,1,Deux ans,Carte bancaire,Fibre,3.0,1,58.55,1
C0348,28,5,23.42,3,Un an,Carte bancaire,Fibre,1.0,1,110.44,0
C0349,66,12,54.99,3,Deux ans,Prélèvement automatique,ADSL,4.0,0,711.77,0
C0350,25,46,42.12,3,Deux ans,Prélèvement automatique,Fibre,3.0,1,2191.05,0
C0351,53,34,51.63,2,Un an,Carte bancaire,Fibre,5.0,1,1987.53,0
C0352,55,49,,7,Mensuel,Carte bancaire,Fibre,3.0,1,2740.71,1
C0353,57,45,86.07,1,Mensuel,Prélèvement automatique,Fibre,4.0,0,4308.58,1
C0354,37,27,69.57,1,Deux ans,Carte bancaire,Fibre,3.0,1,2012.19,0
C0355,52,26,71.77,6,Mensuel,Carte bancaire,Fibre,5.0,1,1727.66,1
C0356,65,47,40.9,3,Deux ans,Prélèvement automatique,Fibre,1.0,1,1672.76,0
C0357,42,56,45.62,0,Mensuel,Prélèvement automatique,Fibre,5.0,0,2376.91,0
C0358,52,63,104.57,9,Mensuel,Carte bancaire,Fibre,1.0,0,7402.59,1
C0359,42,48,48.83,2,Mensuel,Virement,ADSL,2.0,1,2437.48,0
C0360,46,61,101.44,4,Mensuel,Prélèvement automatique,Fibre,5.0,1,6598.2,1
C0361,35,26,59.65,0,Deux ans,Carte bancaire,Fibre,5.0,0,1437.91,0
C0362,63,36,65.05,0,Deux ans,Prélèvement automatique,ADSL,4.0,1,2495.93,0
C0363,35,1,88.55,1,Deux ans,Prélèvement automatique,Fibre,3.0,0,76.01,0
C0364,19,8,92.98,0,Un an,Carte bancaire,Aucun,1.0,1,716.02,0
C0365,71,52,62.56,3,Mensuel,Carte bancaire,ADSL,1.0,1,3376.82,0
C0366,52,47,56.46,1,Mensuel,Carte bancaire,Fibre,4.0,1,2371.88,0
C0367,33,56,63.77,3,Un an,Prélèvement automatique,ADSL,4.0,1,3917.17,0
C0368,58,14,72.44,0,Mensuel,Carte bancaire,Fibre,3.0,0,933.54,0
C0369,53,28,84.61,3,Mensuel,Prélèvement automatique,ADSL,3.0,1,2477.31,1
C0370,50,2,65.09,3,Mensuel,Prélèvement automatique,Fibre,5.0,0,126.48,0
C0371,21,26,78.62,3,Mensuel,Carte bancaire,Aucun,2.0,1,2103.02,1
C0372,50,14,101.04,3,Deux ans,Prélèvement automatique,Fibre,3.0,1,1247.97,0
C0373,31,59,73.39,6,Deux ans,Carte bancaire,ADSL,4.0,1,3702.48,0
C0374,38,56,71.86,2,Mensuel,Prélèvement automatique,ADSL,3.0,0,4518.61,0
C0375,65,7,31.58,2,Un an,Prélèvement automatique,Fibre,1.0,1,205.78,1
C0376,37,3,20.0,4,Un an,Carte bancaire,Fibre,2.0,0,65.75,0
C0377,73,23,73.54,0,Mensuel,Prélèvement automatique,ADSL,5.0,0,1944.8,1
C0378,25,18,62.91,3,Deux ans,Carte bancaire,ADSL,1.0,1,1034.35,0
C0379,24,38,53.67,1,Deux ans,,Fibre,1.0,1,1895.78,0
C0380,20,15,70.36,1,Mensuel,Carte bancaire,ADSL,2.0,1,1106.96,0
C0381,34,64,63.67,6,Mensuel,Carte bancaire,Aucun,5.0,0,4643.87,1
C0382,50,28,89.81,2,Mensuel,Virement,Aucun,4.0,0,2828.37,0
C0383,65,39,66.89,1,Mensuel,Carte bancaire,Fibre,5.0,1,2610.96,0
C0384,29,57,48.57,2,Mensuel,Carte bancaire,ADSL,3.0,1,3013.59,0
C0385,68,17,86.78,3,Deux ans,Prélèvement automatique,Fibre,1.0,0,1314.05,1
C0386,39,44,60.22,5,Mensuel,Carte bancaire,Aucun,3.0,1,3029.2,0
C0387,72,25,76.58,2,Mensuel,Virement,Fibre,4.0,1,2181.2,0
C0388,39,17,54.5,1,Deux ans,Prélèvement automatique,Fibre,3.0,1,833.03,0
C0389,63,13,50.7,5,Un an,Prélèvement automatique,ADSL,5.0,1,619.44,0
C0390,47,25,66.85,2,Mensuel,Carte bancaire,Fibre,3.0,1,1470.78,0
C0391,55,68,65.28,3,Mensuel,Carte bancaire,Aucun,4.0,1,4135.03,0
C0392,55,10,75.56,2,Mensuel,Carte bancaire,Aucun,4.0,1,827.22,1
C0393,62,67,59.09,1,Un an,Prélèvement automatique,ADSL,4.0,0,3814.5,0
C0394,68,18,24.6,1,Mensuel,Carte bancaire,Fibre,5.0,1,388.12,0
C0395,71,34,55.48,3,Mensuel,Carte bancaire,ADSL,4.0,1,1797.04,0
C0396,25,8,82.46,1,Deux ans,Virement,Fibre,1.0,1,754.95,1
C0397,44,40,58.46,1,Mensuel,Prélèvement automatique,Fibre,4.0,0,2429.38,0
C0398,44,42,59.58,2,Deux ans,Carte bancaire,ADSL,3.0,1,2439.42,0
C0399,51,41,86.7,2,Deux ans,Carte bancaire,Fibre,3.0,1,3199.09,0
C0400,38,6,49.34,2,Mensuel,Virement,Fibre,3.0,0,339.22,0
C0401,47,52,31.06,2,Deux ans,Carte bancaire,Aucun,5.0,0,1770.58,0
C0402,50,26,61.47,2,Mensuel,Prélèvement automatique,Fibre,,1,1493.45,0
C0403,45,64,54.35,3,Deux ans,Prélèvement automatique,Fibre,5.0,0,3029.76,0
C0404,64,59,43.74,3,Un an,Carte bancaire,Aucun,5.0,1,2237.4,0
C0405,50,56,61.14,0,Un an,Prélèvement automatique,Fibre,4.0,1,3033.91,0
C0406,22,59,75.81,2,Mensuel,Carte bancaire,ADSL,1.0,1,4581.17,0
C0407,65,70,64.8,3,Deux ans,Carte bancaire,Aucun,4.0,0,5119.46,0
C0408,36,33,71.75,1,Un an,Prélèvement automatique,Aucun,4.0,0,2365.44,0
C0409,21,53,,4,Mensuel,Virement,ADSL,5.0,1,6131.12,0
C0410,52,22,57.46,0,Deux ans,Prélèvement automatique,Fibre,5.0,0,1243.6,0
C0411,66,21,71.12,1,Mensuel,Prélèvement automatique,Fibre,3.0,1,1586.98,0
C0412,34,70,53.8,2,Mensuel,Carte bancaire,ADSL,3.0,0,4027.97,0
C0413,61,70,46.38,3,Mensuel,Carte bancaire,Aucun,4.0,0,2929.05,0
C0414,45,4,52.13,2,Mensuel,Carte bancaire,ADSL,2.0,0,199.84,0
C0415,47,62,54.47,1,Mensuel,Carte bancaire,Fibre,2.0,1,3516.25,1
C0416,46,62,,5,Deux ans,Carte bancaire,Fibre,3.0,1,3938.23,0
C0417,63,24,116.68,4,Mensuel,Carte bancaire,Fibre,2.0,0,2684.0,1
C0418,70,55,49.25,4,Un an,Carte bancaire,ADSL,3.0,0,2737.03,0
C0419,23,9,55.83,3,Mensuel,Carte bancaire,Fibre,5.0,0,577.27,0
C0420,52,3,63.61,4,Deux ans,Prélèvement automatique,Aucun,4.0,1,189.37,0
C0421,58,31,73.71,2,Deux ans,Prélèvement automatique,ADSL,1.0,0,2501.67,0
C0422,54,40,70.8,5,Mensuel,Carte bancaire,Fibre,4.0,1,2774.28,0
C0423,41,36,93.25,1,Deux ans,Virement,ADSL,3.0,1,3655.5,0
C0424,46,24,20.0,2,Mensuel,Virement,Fibre,3.0,1,493.74,0
C0425,66,6,20.0,4,Deux ans,Carte bancaire,ADSL,4.0,0,133.92,0
C0426,63,66,54.09,1,Mensuel,Prélèvement automatique,ADSL,3.0,1,3474.56,0
C0427,70,4,89.14,2,Deux ans,Prélèvement automatique,ADSL,2.0,0,367.72,1
C0428,48,6,30.56,1,Mensuel,Prélèvement automatique,ADSL,2.0,0,190.51,0
C0429,52,51,20.0,6,Un an,Carte bancaire,Fibre,3.0,1,994.72,0
C0430,50,62,77.57,5,Un an,Prélèvement automatique,Fibre,3.0,1,4296.15,0
C0431,69,57,70.36,4,Mensuel,Carte bancaire,ADSL,2.0,0,3521.51,0
C0432,38,66,41.02,1,Mensuel,Prélèvement automatique,Fibre,3.0,0,2314.76,0
C0433,49,8,43.32,2,Mensuel,Prélèvement automatique,Fibre,3.0,1,385.4,0
C0434,40,26,43.67,2,Mensuel,,Fibre,4.0,0,1045.66,0
C0435,50,51,67.43,5,Un an,Prélèvement automatique,ADSL,1.0,1,3141.3,0
C0436,20,45,51.22,2,Mensuel,Prélèvement automatique,Fibre,2.0,1,2468.11,1
C0437,35,44,,3,Mensuel,Carte bancaire,ADSL,4.0,0,3158.03,0
C0438,42,5,20.0,3,Mensuel,Carte bancaire,Aucun,1.0,1,100.18,1
C0439,59,70,46.15,0,Deux ans,Prélèvement automatique,Fibre,3.0,0,2903.42,0
C0440,48,26,40.23,2,Mensuel,Carte bancaire,Fibre,,1,1190.25,0
C0441,71,68,59.36,5,Mensuel,Carte bancaire,Fibre,4.0,1,4462.23,0
C0442,75,19,53.16,2,Mensuel,Carte bancaire,Aucun,3.0,0,1120.27,0
C0443,20,20,82.55,2,Mensuel,Carte bancaire,Fibre,5.0,1,1604.83,1
C0444,57,12,24.09,1,Deux ans,Virement,Fibre,4.0,1,311.83,1
C0445,63,47,,0,Mensuel,Prélèvement automatique,Fibre,1.0,0,2770.59,0
C0446,41,1,77.28,3,Mensuel,Virement,ADSL,4.0,1,65.89,0
C0447,67,14,105.85,2,Un an,Prélèvement automatique,Fibre,2.0,0,1268.49,0
C0448,49,64,54.4,3,Un an,Prélèvement automatique,ADSL,4.0,0,3572.05,0
C0449,64,38,72.14,3,Mensuel,Carte bancaire,Aucun,3.0,0,2704.64,0
C0450,39,37,25.32,2,Un an,Prélèvement automatique,Fibre,3.0,0,941.9,0
C0451,40,11,20.0,1,Deux ans,Carte bancaire,ADSL,5.0,0,187.49,0
C0452,19,3,83.59,1,Mensuel,Virement,Fibre,5.0,0,244.95,0
C0453,44,33,64.88,5,Un an,Prélèvement automatique,Aucun,5.0,1,2281.11,0
C0454,59,6,90.93,1,Un an,Carte bancaire,ADSL,1.0,1,536.2,1
C0455,19,50,34.79,2,Mensuel,Virement,Aucun,5.0,1,1860.68,0
C0456,43,10,76.44,2,Mensuel,Prélèvement automatique,Fibre,1.0,0,703.18,1
C0457,34,5,106.11,0,Mensuel,Prélèvement automatique,Fibre,5.0,0,580.39,0
C0458,57,23,74.23,0,Deux ans,Carte bancaire,Fibre,1.0,0,1752.58,1
C0459,50,10,,3,Deux ans,Prélèvement automatique,Fibre,4.0,1,649.12,0
C0460,26,44,65.19,1,Un an,Prélèvement automatique,Fibre,4.0,1,2641.81,0
C0461,60,2,30.44,4,Mensuel,Carte bancaire,Fibre,3.0,0,63.22,1
C0462,71,13,94.82,4,Un an,Carte bancaire,Fibre,1.0,0,1354.67,0
C0463,65,40,51.56,1,Un an,Prélèvement automatique,Fibre,2.0,1,2010.2,0
C0464,56,2,76.1,6,Mensuel,Carte bancaire,ADSL,3.0,0,141.16,1
C0465,46,65,30.61,1,Mensuel,Prélèvement automatique,Fibre,4.0,0,2208.72,0
C0466,59,63,39.05,2,Deux ans,Virement,Fibre,1.0,1,2585.08,0
C0467,72,17,96.57,3,Mensuel,Virement,Fibre,5.0,1,1616.12,1
C0468,43,9,57.36,1,Deux ans,Carte bancaire,Fibre,2.0,0,514.37,1
C0469,52,15,96.97,1,Mensuel,Virement,Aucun,4.0,0,1325.5,0
C0470,67,24,,1,Mensuel,Carte bancaire,Fibre,3.0,1,1576.49,0
C0471,42,38,24.48,4,Mensuel,Carte bancaire,ADSL,1.0,0,890.82,0
C0472,41,35,84.63,1,Mensuel,Prélèvement automatique,Aucun,2.0,0,3402.49,0
C0473,30,49,52.02,2,Deux ans,Carte bancaire,ADSL,1.0,0,2533.83,0
C0474,75,69,80.37,0,Mensuel,Carte bancaire,ADSL,5.0,0,5522.05,0
C0475,24,62,65.55,1,Deux ans,Prélèvement automatique,ADSL,3.0,0,4144.39,0
C0476,74,60,31.05,3,Mensuel,Carte bancaire,Aucun,1.0,1,2095.92,0
C0477,53,50,68.61,3,Deux ans,Carte bancaire,ADSL,4.0,0,3740.09,0
C0478,62,9,113.32,4,Mensuel,Prélèvement automatique,ADSL,3.0,0,1004.93,1
C0479,37,34,75.85,2,Deux ans,Prélèvement automatique,ADSL,4.0,1,2748.1,0
C0480,18,35,63.73,2,Un an,Prélèvement automatique,ADSL,1.0,1,2288.26,0
C0481,25,1,88.66,1,Mensuel,Carte bancaire,ADSL,3.0,1,88.46,1
C0482,63,40,69.63,3,Mensuel,Carte bancaire,Fibre,4.0,1,2528.11,0
C0483,33,64,69.61,1,Deux ans,Carte bancaire,,5.0,0,4406.84,1
C0484,31,22,40.98,2,Deux ans,Carte bancaire,Fibre,5.0,1,832.81,0
C0485,29,60,70.14,3,Mensuel,Prélèvement automatique,Fibre,1.0,1,4732.15,0
C0486,68,64,87.78,1,Un an,Carte bancaire,Fibre,3.0,1,5340.52,0
C0487,40,72,46.61,4,Deux ans,Carte bancaire,Fibre,2.0,1,3811.25,0
C0488,32,11,96.34,1,Deux ans,Prélèvement automatique,ADSL,3.0,1,1070.25,1
C0489,45,14,62.98,3,Deux ans,Prélèvement automatique,Fibre,5.0,1,916.52,0
C0490,51,60,45.47,0,Un an,Prélèvement automatique,ADSL,4.0,0,2763.35,0
C0491,19,30,86.95,1,Mensuel,Carte bancaire,Fibre,2.0,1,2318.47,0
C0492,49,35,58.69,3,Mensuel,Carte bancaire,Fibre,1.0,1,1977.63,1
C0493,40,37,81.71,2,Mensuel,Carte bancaire,ADSL,2.0,1,2659.7,0
C0494,39,5,58.58,3,Un an,Carte bancaire,ADSL,1.0,0,303.7,0
C0495,68,26,63.68,2,Un an,Prélèvement automatique,Fibre,2.0,1,1629.29,0
C0496,42,62,75.86,0,Mensuel,Prélèvement automatique,Aucun,1.0,0,5095.56,0
C0497,75,4,71.4,2,Deux ans,Prélèvement automatique,Aucun,1.0,0,261.65,1
C0498,39,42,21.1,2,Un an,Prélèvement automatique,Fibre,2.0,0,797.02,1
C0499,75,18,40.33,4,Un an,Carte bancaire,Fibre,2.0,0,705.54,0
C0500,75,40,85.45,3,Mensuel,Prélèvement automatique,Aucun,1.0,1,3855.42,0
